{
	"info" : {
		"elements" : {
			"element" :	[
				{
					"name" : "mavenGroupId",
					"description" : "Please enter a 'groupId'",
					"type" : "java.lang.String",
					"page" : 0,
					"required" : true,
				},
				{
					"name" : "mavenArtifactId",
					"description" : "Please enter an 'artifactId'",
					"type" : "java.lang.String",
					"page" : 0,
					"required" : true,
				},
				{
					"name" : "mavenVersion",
					"description" : "Please enter a version e.g. '1.0.0.BUILD-SNAPSHOT'",
					"defaultValue": "1.0.0.BUILD-SNAPSHOT",
					"type" : "java.lang.String",
					"page" : 0,
					"required" : true,
				},
				{
					"name" : "topLevelPackage",
					"description" : "Please specify the top-level package e.g. com.mycompany.myapp",
					"type" : "java.lang.String",
					"page" : 0,
					"required" : true,
					"pattern" : "\\w+(\\.\\w+)*",
					"replaceKind" : "topLevelPackage"
				},
				{
					"name" : "regionName",
					"description" : "Please specify a region name",
					"type" : "java.lang.String",
					"page" : 0,
					"required" : true,
					"defaultValue" : "myRegion"
				},
				{
					"name" : "regionType",
					"description" : "Please specify a region type (replicated,partitioned)",
					"type" : "java.lang.String",
					"page" : 0,
					"required" : true,
					"defaultValue" : "replicated"
				},
				{
					"name" : "gemfireServerPort",
					"description" : "Please specify a server port",
					"type" : "java.lang.Integer",
					"page" : 0,
					"required" : true,
					"defaultValue" : "40404"
				}
				
			]
		},
			"topLevelPackage" : "stsspringframeworkdatagemfire",			
			"projectName" : "spring-data-gemfire-war-server-template",
			"pages" : {
			"page" : [
				{
					"order" : 0,
					"description" : "Project Settings"
				}
			]
		}
	}
}
